Account ID,Account Name,Email,Email Source
fake4567891,Name 1,fake_email1@email.com,Web
fake1234563,Name 2,fake_email2@email.com,Web
fake2098772,Name 3,fake_email3@email.com,Web
fake5432104,Name 4,fake_email4@email.com,Address Book
fake8765436,Name 5,fake_email5@email.com,Web
fake1209876,Name 6,fake_email6@email.com,Address Book
fake1543209,Name 7,fake_email7@email.com,Address Book
fake1876542,Name 8,fake_email8@email.com,Web
fake2209875,Name 9,fake_email9@email.com,Web
fake2543208,Name 10,fake_email10@email.com,Web
fake2876541,Name 11,fake_email11@email.com,Address Book
fake3209874,Name 12,fake_email12@email.com,Web
fake3543207,Name 13,fake_email13@email.com,Web
fake3876540,Name 14,fake_email14@email.com,Web
fake4209873,Name 15,fake_email15@email.com,Web
fake4543206,Name 16,fake_email16@email.com,Address Book
fake4876539,Name 17,fake_email17@email.com,Web
fake5209872,Name 18,fake_email18@email.com,Web
fake5543205,Name 19,fake_email19@email.com,Web
fake5876538,Name 20,fake_email20@email.com,Web
,,,
,,,
,,,
,,,
,,,
,,,
